﻿<?xml version="1.0" encoding="UTF-8" standalone="no"?>
<!DOCTYPE metadata SYSTEM "http://thor-f5.er.usgs.gov/ngtoc/metadata/fgdc-std-001-1998.dtd">
<metadata>
  <idinfo>
    <citation>
      <citeinfo>
        <origin>U.S. Geological Survey</origin>
        <pubdate>20141010</pubdate>
        <title>NLCD 2011 Land Cover (2011 Edition, amended 2014) - National Geospatial Data Asset (NGDA) Land Use Land Cover, 3 x 3 Degree: NLCD2011_LC_N45W123</title>
        <edition>2011</edition>
        <geoform>remote-sensing image</geoform>
        <serinfo>
          <sername>None</sername>
          <issue>None</issue>
        </serinfo>
        <pubinfo>
          <pubplace>Sioux Falls, SD</pubplace>
          <publish>U.S. Geological Survey</publish>
        </pubinfo>
        <othercit>References:
(1)  Jin, S., Yang, L., Danielson, P., Homer, C., Fry, J., and Xian, G. 2013. A comprehensive change detection method for updating the National Land Cover Database to circa 2011. Remote Sensing of Environment, 132: 159  175.
(2)  Xian, G., Homer, C., Dewitz, J., Fry, J., Hossain, N., and Wickham, J., 2011. The change of impervious surface area between 2001 and 2006 in the conterminous United States. Photogrammetric Engineering and Remote Sensing, Vol. 77(8): 758-762.
(3)  Coulston, J. W., Moisen, G. G., Wilson, B. T., Finco, M. V., Cohen, W. B., and Brewer, C. K. 2012. Modeling percent tree canopy cover: a pilot study. Photogrammetric Engineering &amp; Remote Sensing 78(7): 715-727.
The USGS acknowledges the support of USGS and contractor NLCD 2011 Land Cover Mapping Teams in development of data for this map.</othercit>
        <onlink>http://gisdata.usgs.gov/tdds/downloadfile.php?TYPE=nlcd2011_lc_3x3&amp;ORIG=META&amp;FNAME=NLCD2011_LC_N45W123.zip</onlink>
        <onlink>http://tdds.cr.usgs.gov/metadata/nlcd/2011/landcover/conus/NLCD2011_LC_N45W123.htm</onlink>
        <onlink>http://nationalmap.gov/viewer.html</onlink>
      </citeinfo>
    </citation>
    <descript>
      <abstract>The National Land Cover Database products are created through a cooperative project conducted by the Multi-Resolution Land Characteristics (MRLC) Consortium.  The MRLC Consortium is a partnership of Federal agencies (www.mrlc.gov), consisting of the U.S. Geological Survey (USGS), the National Oceanic and Atmospheric Administration (NOAA), the U.S. Environmental Protection Agency (EPA), the U.S. Department of Agriculture - Forest Service (USDA-FS), the National Park Service (NPS), the U.S. Fish and Wildlife Service (USFWS), the Bureau of Land Management (BLM) and the USDA Natural Resources Conservation Service (NRCS).  The success of NLCD over nearly two decades is credited to the continuing collaborative spirit of the agencies that make up the MRLC.  NLCD 2011 is the most up-to-date iteration of the National Land Cover Database, the definitive Landsat-based, 30-meter resolution land cover database for the Nation.  The data in NLCD 2011 are completely integrated with NLCD 2001 (2011 Edition, amended 2014) and NLCD 2006 (2011 Edition, amended 2014).

For NLCD 2011, there are 5 primary data products:
1) NLCD 2011 Land Cover
2) NLCD 2006/2011 Land Cover Change Pixels labeled with the 2011 land cover class
3) NLCD 2011 Percent Developed Imperviousness
4) NLCD 2006/2011 Percent Developed Imperviousness Change Pixels
5) NLCD 2011 Tree Canopy Cover provided by an MRLC partner - the USDA Forest Service Remote Sensing Applications Center.

In addition, ancillary metadata includes the NLCD 2011 Path/Row Index shapefile showing the footprint of Landsat scenes and change analysis pairs used to derive 2006/2011 spectral change.  All Landsat scene acquisition dates are included in the shapefile's attribute table.  As part of the NLCD 2011 project, NLCD 2001 and 2006 land cover and impervious data products were revised and reissued (2011 Edition, amended 2014) to provide full compatibility with the new NLCD 2011 products. The 2014 amended version corrects for the over-elimination of small areas of the four developed classes.

NLCD Tree Canopy Cover was created using MRLC mapping zones from NLCD 2001 (see Tree Canopy Cover metadata for additional detail).  All other NLCD 2011 products were created on a path/row basis and mosaicked to create a seamless national product.  Questions about the NLCD 2011 land cover product can be directed to the NLCD 2011 land cover mapping team at the USGS/EROS, Sioux Falls, SD (605) 594-6151 or mrlc@usgs.gov.</abstract>
      <purpose>The goal of this project is to provide the Nation with complete, current, and consistent public domain information on its land use and land cover.</purpose>
      <supplinf>Corner Coordinates (center of pixel, projection meters)
Upper Left Corner:  -2493045 meters(X),  3310005 meters(Y)
Lower Right Corner: -177285 meters(X),  2342655 meters(Y)</supplinf>
    </descript>
    <timeperd>
      <timeinfo>
        <rngdates>
          <begdate>20040409</begdate>
          <enddate>20111111</enddate>
        </rngdates>
      </timeinfo>
      <current>ground condition</current>
    </timeperd>
    <status>
      <progress>In work</progress>
      <update>Every 5 years</update>
    </status>
    <spdom>
      <bounding>
        <westbc>-126</westbc>
        <eastbc>-123</eastbc>
        <northbc>48</northbc>
        <southbc>45</southbc>
      </bounding>
    </spdom>
    <keywords>
      <theme>
        <themekt>NGDA Portfolio Themes</themekt>
        <themekey>NGDA</themekey>
        <themekey>National Geospatial Data Asset</themekey>
        <themekey>Land Use Land Cover Theme</themekey>
      </theme>
      <theme>
        <themekt>None</themekt>
        <themekey>Land cover</themekey>
        <themekey>Image processing</themekey>
        <themekey>GIS</themekey>
        <themekey>U.S. Geological Survey (USGS)</themekey>
        <themekey>digital spatial data</themekey>
      </theme>
      <theme>
        <themekt>ISO 19115 Topic Category</themekt>
        <themekey>imageryBaseMapsEarthCover</themekey>
        <themekey>010</themekey>
      </theme>
      <theme>
        <themekt>U.S. Department of Commerce, 1995, (Countries, dependencies, areas of special sovereignty, and their principal administrative divisions, Federal Information Processing Standard 10-4):  Washington, D.C., National Institute of Standards and Technology</themekt>
        <themekey>United States</themekey>
        <themekey>U.S.</themekey>
        <themekey>US</themekey>
      </theme>
    </keywords>
    <accconst>None</accconst>
    <useconst>None</useconst>
    <ptcontac>
      <cntinfo>
        <cntorgp>
          <cntorg>U.S. Geological Survey</cntorg>
        </cntorgp>
        <cntpos>Customer Services Representative</cntpos>
        <cntaddr>
          <addrtype>mailing and physical</addrtype>
          <address>USGS EROS</address>
          <address>47914 252nd Street</address>
          <city>Sioux Falls</city>
          <state>SD</state>
          <postal>57198-0001</postal>
          <country>USA</country>
        </cntaddr>
        <cntvoice>605/594-6151</cntvoice>
        <cntfax>605/594-6589</cntfax>
        <cntemail>custserv@usgs.gov</cntemail>
        <hours>0800 - 1600 CT, M - F (-6h CST/-5h CDT GMT)</hours>
        <cntinst>The USGS point of contact is for questions relating to the data display and download from this web site.  For questions regarding data content and quality, refer to:
http://www.mrlc.gov/mrlc2k.asp or email:  mrlc@usgs.gov</cntinst>
      </cntinfo>
    </ptcontac>
    <browse>
      <browsen>http://tdds.cr.usgs.gov/browse/nlcd/2011/landcover/conus/NLCD2011_LC_N45W123.jpg</browsen>
      <browsed>Tiled NLCD Browse Image</browsed>
      <browset>JPEG</browset>
    </browse>
    <datacred>U.S. Geological Survey</datacred>
    <secinfo>
      <secsys>None</secsys>
      <secclass>Unclassified</secclass>
      <sechandl>N/A</sechandl>
    </secinfo>
    <native>Microsoft Windows 7 Version 6.1 (Build 7601: Service Pack 1); ESRI ArcCatalog 9.3.1.4000 (Service Pack 2)</native>
  </idinfo>
  <dataqual>
    <attracc>
      <attraccr>A formal accuracy assessment has not been conducted for NLCD 2011 Land Cover, 2006-2011 Land Cover Change, NLCD 2011 Percent Developed Imperviousness or 2006-2011 Percent Developed Imperviousness Change products.  For Canopy attribute accuracy, refer to Canopy metadata.</attraccr>
      <qattracc>
        <attraccv>Unknown</attraccv>
        <attracce>This document and the described land cover map are considered "provisional" until a formal accuracy assessment is completed.  The U.S. Geological Survey can make no guarantee as to the accuracy or completeness of this information, and it is provided with the understanding that it is not guaranteed to be correct or complete. Conclusions drawn from this information are the responsibility of the user.</attracce>
      </qattracc>
    </attracc>
    <logic>The NLCD 2011 final seamless products include:  1) NLCD 2011 Land Cover; 2) NLCD 2011 Percent Developed Imperviousness; 3) NLCD 2006/2011 Change Pixels labeled with the 2011 land cover class; 4) NLCD 2006/2011 Percent Developed Imperviousness Change; and 5)NLCD 2011 Tree Canopy Cover.</logic>
    <complete>This NLCD product is the version dated October 10, 2014.</complete>
    <posacc>
      <horizpa>
        <horizpar>N/A</horizpar>
      </horizpa>
      <vertacc>
        <vertaccr>N/A</vertaccr>
      </vertacc>
    </posacc>
    <lineage>
      <procstep>
        <procdesc>Landsat image selection and preprocessing:
For NLCD 2011 change analysis, two 2-date pairs of Landsat scenes were selected for each path/row to represent ground conditions in circa 2006 and 2011.  One additional circa 2011 scene was selected to enhance modeling results for land cover labeling. In selecting the 5 scenes, the temporal range of the imagery was restricted to reduce the impact of seasonal and phenological variation.  A pre-processing step was performed to convert the digital number to top of atmosphere reflectance using procedures similar to those established for the NLCD 2001 mapping effort (Homer et al., 2004).  Reflectance derivatives, including a tasseled-cap transformation and a 3-ratio index, were generated for each scene to use in the modeling process as independent variables.  Where present, clouds and cloud shadows were digitized and masked.

NLCD 2011 Percent Developed Imperviousness and Percent Developed Imperviousness Change Analysis:
Because the four NLCD developed classes are derived from a percent imperviousness mapping product, an overview of steps required to update the NLCD 2001 imperviousness to reflect urban growth captured in 2006 era Landsat imagery is provided here (Xian et al., 2010).  These same procedures were employed to produce NLCD 2011 Percent Developed Imperviousness and 2006-2011 Percent Developed Imperviousness Change.

First, 2009 nighttime lights imagery from the NOAA Defense Meteorological Satellite Program (DMSP) was imposed on the NLCD 2006 impervious surface product to exclude low density imperviousness outside urban and suburban centers so that only imperviousness in urban core areas would be used in the training dataset. Two training datasets, one having a relatively larger urban extent and one having a smaller extent, were produced through imposing two different thresholds on city light imagery.

Second, each of the two training datasets combined with 2006 Landsat imagery was separately applied using a regression tree (RT) algorithm to build up RT models. Two sets of RT models were then used to estimate percent imperviousness and to produce two 2006 synthetic impervious surfaces. Similarly, the same two training datasets were used with 2011 Landsat imagery to create two sets of RT models that produce two 2011 synthetic impervious surfaces.

Third, the 2006 and 2011 synthetic impervious surface pairs were compared using both 2006 impervious surface products to retain 2006 impervious surface area (ISA) in the unchanged areas. The 2009 DMSP nighttime lights imagery was then employed to ensure that non-imperviousness areas were not included and that new impervious surfaces emerged in the city light extent. After this step, two 2011 intermediate impervious surfaces were produced. Finally, the two intermediate products and 2006 imperviousness were compared to remove false estimates in non-urban areas and generate a 2011 impervious surface estimate.  Imperviousness threshold values used to derive the NLCD developed classes are: (Class 21) developed open space (imperviousness &lt; 20%), (Class 22) low-intensity developed (imperviousness from 20 - 49%), (Class 23) medium intensity developed (imperviousness from 50 -79%), and (Class 24) high-intensity developed (imperviousness &gt; 79%).

To improve NLCD imperviousness the 2011 project included a process to reduce omission and commission error in NLCD 2001, 2006, and 2011 products.  This activity was completed for urban areas in most of the eastern  of the conterminous United States.  High resolution (one-meter ground sample distance) National Aerial Imagery Program (NAIP - http//fsa.usda.gov/FSA/) imagery was used to verify imperviousness.  Using hand-edits, imperviousness was removed from areas incorrectly identified as developed and added to areas where developed land cover was missed.  A modeling process was implemented to add missed imperviousness changes to the correct era and to fill areas where developed was removed with an appropriate non-developed land cover class.  These improvements were incorporated with the derived developed classes in all areas of imperviousness and land cover versions released with NLCD 2011 editions.  Revised products, NLCD 2001 and NLCD 2006 Impervious (2011 Editions) and NLCD 2001-2006 Impervious Change Pixels (2011 Edition) are included as part of the NLCD 2011 product release.

Land Cover Change Analysis:
For the NLCD 2011 Land Cover Update, a variation of the Multi-Index Integrated Change Analysis (MIICA) used in NLCD 2006 spectral change analysis was refined to capture land cover disturbance and potential land cover change patterns for updating the National Land Cover Database 2011 (Jin et al. 2013). Four indices were integrated into one model to more accurately detect true spectral changes between two time periods.  Within the model, normalized burn ratio (NBR), change vector (CV, Xian et al., 2009), relative change vector (RCV), and normalized difference vegetation index (NDVI) are calculated separately for the early date (circa 2006) and late date (circa 2011) scenes.  The four pairs of indices for the two dates are differenced and then evaluated in a final model conditional statement that categorizes each pixel as either biomass increase, biomass decrease, or no change.  For NLCD 2011, two image pairs of circa 2006 and circa 2011, ideally one leaf-on pair and one leaf-off pair are used interactively in each path/row.  The integrated change result is clumped and sieved to produce a refined change/no-change mask used to identify potential change pixels that are then labeled with the NLCD 2011 class.

NLCD 2011 Land Cover Classification:
Land cover mapping protocols used during NLCD 2011 processing are similar to those used to label the NLCD 2001 product (Homer et al., 2004), but applied on a path/row basis instead of multiple path/row MRLC zones (Xian et al., 2009).  Classification was achieved using decision tree modeling that employed a combination of Landsat imagery, reflectance derivatives, and ancillary data (independent variables) with training data points (dependent variable) collected from a refined version of the NLCD 2006 land cover product.  Training points were randomly sampled and limited to those areas that were determined to be unchanged between 2006 and 2011 during the MIICA spectral change analysis process.  Training data for pixels changed to developed land cover were not collected since the four classes in urban and sub-urban areas were mapped separately using a regression tree modeling method (described in the Imperviousness Change Analysis process steps above).  Post classification modeling and hand-editing were used to further refine the decision tree output.  Following classification, the 2011 land cover was masked with the change/no-change result (captured during the MIICA change analysis modeling) to extract a label for spectrally changed pixels.  Labeled change pixels were then compared to the NLCD 2006 land cover base to exclude those pixels identified as spectral change, but classified with the same label as the corresponding 2006 pixel.

NLCD 2011 percent developed impervious pixels, identified as changed, were extracted to NLCD developed class codes using NLCD 2011 legend thresholds for developed classes and added to the change pixel map.  This intermediate change pixel product was generalized using the NLCD Smart Eliminate tool with the following minimum mapping units (mmu) applied:  1 acre (approximately 5 ETM+ 30 m  pixel patch) for developed classes (class codes 21, 22, 23, and 24); 7.12 acres (approximately 32 ETM+ pixel patch) for agricultural classes (class codes 81 and 82); and 2.67 acres (approximately 12 ETM+ pixel patch) for all other classes (class codes 11, 12, 31, 41, 42, 43, 52, 71, 90, and 95).  The smart eliminate aggregation program subsumes pixels from the single pixel level to the mmu pixel patch using a queens algorithm at doubling intervals. The algorithm consults a weighting matrix to guide merging of cover types by similarity, resulting in a product that preserves land cover logic as much as possible.  During the NLCD 2011 analysis and modeling process, inconsistencies in the NLCD 2001 and 2006 land cover products were corrected with the revised products, NLCD 2001 and NLCD 2006 Land Cover (2011 Editions), included as part of the NLCD 2011 product release.

NLCD 2011 Land Cover (Final Product):  Additional processing steps were implemented to create the final NLCD 2011 land cover map.  Individual path/row change pixel results were assembled to form an intermediate seamless national product.  This seamless change pixel map was reviewed and edited to remove regional inconsistencies.  Refined NLCD 2011 change pixels were then combined with the re-issued NLCD 2006 Land Cover Version (2011 Edition), and the resulting image was smart-eliminated to a 5-pixel mmu.  This final step eliminated single pixels and patches less than 5 pixels in extent that appeared as a result of combining the separate images.

NLCD 2011 Change Pixels (Final Product):
A comparison of the NLCD 2006 (2011 Edition) base and the NLCD 2011 Land Cover was necessary to extract a final version of the NLCD 2011 Change Pixels.  In a model, pixels that were labeled with the same land cover class code were removed and only those pixels that did not agree in the two classifications were retained as final NLCD 2011 Change Pixels.

NLCD 2006/2011 Percent Developed Imperviousness Change:
The NLCD 2006 Percent Developed Imperviousness (2011 Edition)and the NLCD 2011 Percent Developed Imperviousness were compared in a model to provide the user community with a layer that depicts imperviousness change between 2006 and 2011.
Landsat data and ancillary data used for the land cover prediction -
For a list of Landsat scene dates by path/row used in this project, please see:  appendix3_nlcd2011_scene_list_by_path_row.txt
Data Type of DEM composed of 1 band of Continuous Variable Type.
Data Type of Slope composed of 1 band of Continuous Variable Type.
Data Type of Aspect composed of 1 band of Categorical Variable Type.
Data type of Position Index composed of 1 band of Continuous Variable Type.
Data type of 3-ratio index composed of 3 bands of Continuous Variable Type.</procdesc>
        <srcused>Landsat ETM, Landsat TM, DEM, USGS/EROS</srcused>
        <procdate>Unknown</procdate>
        <srcprod>USGS National Land Cover Database</srcprod>
      </procstep>
      <procstep>
        <procdesc>Process Step for NLCD 2011 (amended 2014):
The release in 2014 of amended versions of land cover for 2001, 2006, and 2011 was made to correct for unintended differences between the impervious dataset and the four land cover developed classes (Open Space, Low Intensity, Medium Intensity, and High Intensity). NLCD developed classes are tied directly to the impervious product values.  However, the land cover product Minimum Mapping Unit (MMU) is five pixels whereas the impervious product MMU is single pixel.  This MMU difference creates problems when the impervious single pixel MMU product is directly crosswalked into the 5-pixel MMU land cover developed classes.  The smoothing process, which generalizes the land cover product to a 5-pixel MMU, can create small areas which are no longer directly represented in the imperviousness product because they are artifacts of the smoothing.  Since these changes are not real and not present in the impervious layer, the new version removes these artifacts and re-establishes the direct linkage between the imperviousness and land cover products for any developed area.  Combined developed areas (all developed classes combined into a group) in the land cover product must still meet the 5-pixel MMU threshold; however, the four NLCD land cover individual developed classes within the group patch are now represented by a single pixel MMU to retain the direct linkage to the imperviousness product.</procdesc>
        <procdate>Unknown</procdate>
      </procstep>
    </lineage>
  </dataqual>
  <spdoinfo>
    <direct>Raster</direct>
    <rastinfo>
      <rasttype>Pixel</rasttype>
      <rowcount>12861</rowcount>
      <colcount>10630</colcount>
      <vrtcount>1</vrtcount>
    </rastinfo>
  </spdoinfo>
  <spref>
    <horizsys>
      <planar>
        <mapproj>
          <mapprojn>Albers Conical Equal Area</mapprojn>
          <albers>
            <stdparll>29.500000</stdparll>
            <stdparll>45.500000</stdparll>
            <longcm>-96.000000</longcm>
            <latprjo>23.000000</latprjo>
            <feast>0.000000</feast>
            <fnorth>0.000000</fnorth>
          </albers>
        </mapproj>
        <planci>
          <plance>row and column</plance>
          <coordrep>
            <absres>30.000000</absres>
            <ordres>30.000000</ordres>
          </coordrep>
          <plandu>meters</plandu>
        </planci>
      </planar>
      <geodetic>
        <horizdn>North American Datum of 1983</horizdn>
        <ellips>Geodetic Reference System 80</ellips>
        <semiaxis>6378137.0</semiaxis>
        <denflat>298.2572221</denflat>
      </geodetic>
    </horizsys>
  </spref>
  <eainfo>
    <detailed>
      <enttyp>
        <enttypl>nlcd_2011_landcover_2011_edition_2014_10_10.img.vat</enttypl>
        <enttypd>NLCD Land Cover Layer</enttypd>
        <enttypds>National Land Cover Database</enttypds>
      </enttyp>
      <attr>
        <attrlabl>ObjectID</attrlabl>
        <attrdef>Internal feature number</attrdef>
        <attrdefs>ESRI</attrdefs>
        <attrdomv>
          <udom>Sequential unique whole numbers that are automatically generated.</udom>
        </attrdomv>
      </attr>
      <attr>
        <attrlabl>Count</attrlabl>
        <attrdef>A nominal integer value that designates the number of pixels that have each value in the file; histogram column in ERDAS Imagine raster attributes table</attrdef>
        <attrdefs>ESRI</attrdefs>
        <attrdomv>
          <udom>Integer</udom>
        </attrdomv>
      </attr>
      <attr>
        <attrlabl>Value</attrlabl>
        <attrdef>Land Cover Class Code Value.</attrdef>
        <attrdefs>NLCD Legend Land Cover Class Descriptions</attrdefs>
        <attrdomv>
          <edom>
            <edomv>11</edomv>
            <edomvd>Open Water - All areas of open water, generally with less than 25% cover or vegetation or soil</edomvd>
            <edomvds>NLCD Legend Land Cover Class Descriptions</edomvds>
          </edom>
        </attrdomv>
        <attrdomv>
          <edom>
            <edomv>12</edomv>
            <edomvd>Perennial Ice/Snow - All areas characterized by a perennial cover of ice and/or snow, generally greater than 25% of total cover.</edomvd>
            <edomvds>NLCD Legend Land Cover Class Descriptions</edomvds>
          </edom>
        </attrdomv>
        <attrdomv>
          <edom>
            <edomv>21</edomv>
            <edomvd>Developed, Open Space - Includes areas with a mixture of some constructed materials, but mostly vegetation in the form of lawn grasses.  Impervious surfaces account for less than 20 percent of total cover.  These areas most commonly include large-lot single-family housing units, parks, golf courses, and vegetation planted in developed settings for recreation, erosion control, or aesthetic purposes.</edomvd>
            <edomvds>NLCD Legend Land Cover Class Descriptions</edomvds>
          </edom>
        </attrdomv>
        <attrdomv>
          <edom>
            <edomv>22</edomv>
            <edomvd>Developed, Low Intensity -Includes areas with a mixture of constructed materials and vegetation.  Impervious surfaces account for 20-49 percent of total cover.  These areas most commonly include single-family housing units.</edomvd>
            <edomvds>NLCD Legend Land Cover Class Descriptions</edomvds>
          </edom>
        </attrdomv>
        <attrdomv>
          <edom>
            <edomv>23</edomv>
            <edomvd>Developed, Medium Intensity - Includes areas with a mixture of constructed materials and vegetation. Impervious surfaces account for 50-79 percent of the total cover.  These areas most commonly include single-family housing units.</edomvd>
            <edomvds>NLCD Legend Land Cover Class Descriptions</edomvds>
          </edom>
        </attrdomv>
        <attrdomv>
          <edom>
            <edomv>24</edomv>
            <edomvd>Developed, High Intensity - Includes highly developed areas where people reside or work in high numbers. Examples include apartment complexes, row houses and commercial/industrial.  Impervious surfaces account for 80 to 100 percent of the total cover.</edomvd>
            <edomvds>NLCD Legend Land Cover Class Descriptions</edomvds>
          </edom>
        </attrdomv>
        <attrdomv>
          <edom>
            <edomv>31</edomv>
            <edomvd>Barren Land (Rock/Sand/Clay) - Barren areas of bedrock, desert pavement, scarps, talus, slides, volcanic material, glacial debris, sand dunes, strip mines, gravel pits and other accumulations of earthen material. Generally, vegetation accounts for less than 15% of total cover.</edomvd>
            <edomvds>NLCD Legend Land Cover Class Descriptions</edomvds>
          </edom>
        </attrdomv>
        <attrdomv>
          <edom>
            <edomv>41</edomv>
            <edomvd>Deciduous Forest - Areas dominated by trees generally greater than 5 meters tall, and greater than 20% of total vegetation cover. More than 75 percent of the tree species shed foliage simultaneously in response to seasonal change.</edomvd>
            <edomvds>NLCD Legend Land Cover Class Descriptions</edomvds>
          </edom>
        </attrdomv>
        <attrdomv>
          <edom>
            <edomv>42</edomv>
            <edomvd>Evergreen Forest - Areas dominated by trees generally greater than 5 meters tall, and greater than 20% of total vegetation cover. More than 75 percent of the tree species maintain their leaves all year. Canopy is never without green foliage.</edomvd>
            <edomvds>NLCD Legend Land Cover Class Descriptions</edomvds>
          </edom>
        </attrdomv>
        <attrdomv>
          <edom>
            <edomv>43</edomv>
            <edomvd>Mixed Forest - Areas dominated by trees generally greater than 5 meters tall, and greater than 20% of total vegetation cover. Neither deciduous nor evergreen species are greater than 75 percent of total tree cover.</edomvd>
            <edomvds>NLCD Legend Land Cover Class Descriptions</edomvds>
          </edom>
        </attrdomv>
        <attrdomv>
          <edom>
            <edomv>51</edomv>
            <edomvd>Dwarf Scrub - Alaska only areas dominated by shrubs less than 20 centimeters tall with shrub canopy typically greater than 20% of total vegetation. This type is often co-associated with grasses, sedges, herbs, and non-vascular vegetation.</edomvd>
            <edomvds>NLCD Legend Land Cover Class Descriptions</edomvds>
          </edom>
        </attrdomv>
        <attrdomv>
          <edom>
            <edomv>52</edomv>
            <edomvd>Shrub/Scrub - Areas dominated by shrubs; less than 5 meters tall with shrub canopy typically greater than 20% of total vegetation. This class includes true shrubs, young trees in an early successional stage or trees stunted from environmental conditions.</edomvd>
            <edomvds>NLCD Legend Land Cover Class Descriptions</edomvds>
          </edom>
        </attrdomv>
        <attrdomv>
          <edom>
            <edomv>71</edomv>
            <edomvd>Grassland/Herbaceous - Areas dominated by grammanoid or herbaceous vegetation, generally greater than 80% of total vegetation.  These areas are not subject to intensive management such as tilling, but can be utilized for grazing.</edomvd>
            <edomvds>NLCD Legend Land Cover Class Descriptions</edomvds>
          </edom>
        </attrdomv>
        <attrdomv>
          <edom>
            <edomv>72</edomv>
            <edomvd>Sedge/Herbaceous - Alaska only areas dominated by sedges and forbs, generally greater than 80% of total vegetation. This type can occur with significant other grasses or other grass like plants, and includes sedge tundra, and sedge tussock tundra.</edomvd>
            <edomvds>NLCD Legend Land Cover Class Descriptions</edomvds>
          </edom>
        </attrdomv>
        <attrdomv>
          <edom>
            <edomv>73</edomv>
            <edomvd>Lichens - Alaska only areas dominated by fruticose or foliose lichens generally greater than 80% of total vegetation.</edomvd>
            <edomvds>NLCD Legend Land Cover Class Descriptions</edomvds>
          </edom>
        </attrdomv>
        <attrdomv>
          <edom>
            <edomv>74</edomv>
            <edomvd>Moss - Alaska only areas dominated by mosses, generally greater than 80% of total vegetation.</edomvd>
            <edomvds>NLCD Legend Land Cover Class Descriptions</edomvds>
          </edom>
        </attrdomv>
        <attrdomv>
          <edom>
            <edomv>81</edomv>
            <edomvd>Pasture/Hay - Areas of grasses, legumes, or grass-legume mixtures planted for livestock grazing or the production of seed or hay crops, typically on a perennial cycle. Pasture/hay vegetation accounts for greater than 20 percent of total vegetation.</edomvd>
            <edomvds>NLCD Legend Land Cover Class Descriptions</edomvds>
          </edom>
        </attrdomv>
        <attrdomv>
          <edom>
            <edomv>82</edomv>
            <edomvd>Cultivated Crops - Areas used for the production of annual crops, such as corn, soybeans, vegetables, tobacco, and cotton, and also perennial woody crops such as orchards and vineyards. Crop vegetation accounts for greater than 20 percent of total vegetation. This class also includes all land being actively tilled.</edomvd>
            <edomvds>NLCD Legend Land Cover Class Descriptions</edomvds>
          </edom>
        </attrdomv>
        <attrdomv>
          <edom>
            <edomv>90</edomv>
            <edomvd>Woody Wetlands - Areas where forest or shrub land vegetation accounts for greater than 20 percent of vegetative cover and the soil or substrate is periodically saturated with or covered with water.</edomvd>
            <edomvds>NLCD Legend Land Cover Class Descriptions</edomvds>
          </edom>
        </attrdomv>
        <attrdomv>
          <edom>
            <edomv>95</edomv>
            <edomvd>Emergent Herbaceous Wetlands - Areas where perennial herbaceous vegetation accounts for greater than 80 percent of vegetative cover and the soil or substrate is periodically saturated with or covered with water.</edomvd>
            <edomvds>NLCD Legend Land Cover Class Descriptions</edomvds>
          </edom>
        </attrdomv>
      </attr>
      <attr>
        <attrlabl>Red</attrlabl>
        <attrdef>Red color code for RGB. The value is arbitrarily assigned by the display software package, unless defined by user.</attrdef>
        <attrdefs>NLCD</attrdefs>
        <attrdomv>
          <rdom>
            <rdommin>0</rdommin>
            <rdommax>100</rdommax>
            <attrunit>Percentage</attrunit>
            <attrmres>0.1</attrmres>
          </rdom>
        </attrdomv>
      </attr>
      <attr>
        <attrlabl>Green</attrlabl>
        <attrdef>Green color code for RGB. The value is arbitrarily assigned by the display software package, unless defined by user.</attrdef>
        <attrdefs>NLCD</attrdefs>
        <attrdomv>
          <rdom>
            <rdommin>0</rdommin>
            <rdommax>100</rdommax>
            <attrunit>Percentage</attrunit>
            <attrmres>0.1</attrmres>
          </rdom>
        </attrdomv>
      </attr>
      <attr>
        <attrlabl>Blue</attrlabl>
        <attrdef>Blue color code for RGB. The value is arbitrarily assigned by the display software package, unless defined by user.</attrdef>
        <attrdefs>NLCD</attrdefs>
        <attrdomv>
          <rdom>
            <rdommin>0</rdommin>
            <rdommax>100</rdommax>
            <attrunit>Percentage</attrunit>
            <attrmres>0.1</attrmres>
          </rdom>
        </attrdomv>
      </attr>
      <attr>
        <attrlabl>Opacity</attrlabl>
        <attrdef>A measure of how opaque, or solid, a color is displayed in a layer.</attrdef>
        <attrdefs>NLCD</attrdefs>
        <attrdomv>
          <rdom>
            <rdommin>0</rdommin>
            <rdommax>100</rdommax>
            <attrunit>Percentage</attrunit>
            <attrmres>0.1</attrmres>
          </rdom>
        </attrdomv>
      </attr>
    </detailed>
    <overview>
      <eaover>Land Cover Class RGB Color Value Table</eaover>
      <eadetcit>Attributes defined by USGS and ESRI.
Value Red            Green           Blue
0     0.00000000000  0.00000000000  0.00000000000
11    0.27843137255  0.41960784314  0.62745098039
12    0.81960784314  0.86666666667  0.97647058824
21    0.86666666667  0.78823529412  0.78823529412
22    0.84705882353  0.57647058824  0.50980392157
23    0.92941176471  0.00000000000  0.00000000000
24    0.66666666667  0.00000000000  0.00000000000
31    0.69803921569  0.67843137255  0.63921568628
41    0.40784313726  0.66666666667  0.38823529412
42    0.10980392157  0.38823529412  0.18823529412
43    0.70980392157  0.78823529412  0.55686274510
51    0.64705882353  0.54901960784  0.18823529412
52    0.80000000000  0.72941176471  0.48627450980
71    0.88627450980  0.88627450980  0.75686274510
72    0.78823529412  0.78823529412  0.46666666667
73    0.60000000000  0.75686274510  0.27843137255
74    0.46666666667  0.67843137255  0.57647058824
81    0.85882352941  0.84705882353  0.23921568628
82    0.66666666667  0.43921568628  0.15686274510
90    0.72941176471  0.84705882353  0.91764705882
95    0.43921568628  0.63921568628  0.72941176471</eadetcit>
    </overview>
    <overview>
      <eaover>N/A</eaover>
      <eadetcit>Attribute accuracy is described, where present, with each attribute defined in the Entity and Attribute Section.</eadetcit>
    </overview>
  </eainfo>
  <distinfo>
    <distrib>
      <cntinfo>
        <cntorgp>
          <cntorg>U.S. Geological Survey</cntorg>
        </cntorgp>
        <cntpos>Customer Services Representative</cntpos>
        <cntaddr>
          <addrtype>mailing and physical</addrtype>
          <address>USGS National Geospatial Program Office</address>
          <address>12201 Sunrise Valley Drive</address>
          <city>Reston</city>
          <state>VA</state>
          <postal>20192</postal>
          <country>USA</country>
        </cntaddr>
        <cntvoice>1-888-ASK-USGS (1-888-275-8747)</cntvoice>
        <cntemail>tnm_help@usgs.gov</cntemail>
        <hours>Monday through Friday 8:00 AM to 4:00 PM Eastern Time Zone USA</hours>
        <cntinst>Please visit http://www.usgs.gov/ask/ to contact us.</cntinst>
      </cntinfo>
    </distrib>
    <resdesc>Downloadable Data</resdesc>
    <distliab>Although these data have been processed successfully on a computer system at the USGS, no warranty expressed or implied is made by the USGS regarding the use of the data on any other system, nor does the act of distribution constitute any such warranty.  Data may have been compiled from various outside sources.  Spatial information may not meet National Map Accuracy Standards.  This information may be updated without notification. The USGS shall not be liable for any activity involving these data, installation, fitness of the data for a particular purpose, its use, or analyses results.</distliab>
    <stdorder>
      <digform>
        <digtinfo>
          <formname>TIFF</formname>
          <transize>27.227449</transize>
        </digtinfo>
        <digtopt>
          <onlinopt>
            <computer>
              <networka>
                <networkr>http://gisdata.usgs.gov/tdds/downloadfile.php?TYPE=nlcd2011_lc_3x3&amp;ORIG=META&amp;FNAME=NLCD2011_LC_N45W123.zip</networkr>
              </networka>
            </computer>
            <accinstr>The URL http://nationalmap.gov/viewer.html provides a map interface that allows for viewing and data downloads within a customer defined area of interest. Zoom tools are available that can be used to investigate areas of interest on the map interface. The download tool allows the customer to capture layers from the map, utilizing The National Map process for downloading. The file can be unzipped and imported into various user software applications.</accinstr>
            <oncomp>Not available for dissemination</oncomp>
          </onlinopt>
        </digtopt>
      </digform>
      <fees>None</fees>
      <turnarnd>Variable</turnarnd>
    </stdorder>
    <techpreq>ESRI ArcGIS Suite and/or Arc/Info or other compatible software, and supporting operating systems.</techpreq>
    <availabl>
      <timeinfo>
        <rngdates>
          <begdate>2014</begdate>
          <enddate>Unknown</enddate>
        </rngdates>
      </timeinfo>
    </availabl>
  </distinfo>
  <metainfo>
    <metd>20141205</metd>
    <metc>
      <cntinfo>
        <cntorgp>
          <cntorg>U.S. Geological Survey</cntorg>
          <cntper>Customer Service Representative</cntper>
        </cntorgp>
        <cntpos>Customer Services Representative</cntpos>
        <cntaddr>
          <addrtype>mailing and physical</addrtype>
          <address>USGS EROS</address>
          <address>47914 252nd Street</address>
          <city>Sioux Falls</city>
          <state>SD</state>
          <postal>57198-0001</postal>
          <country>USA</country>
        </cntaddr>
        <cntvoice>605/594-6151</cntvoice>
        <cnttdd>605/594-6933</cnttdd>
        <cntfax>605/594-6589</cntfax>
        <cntemail>custserv@usgs.gov</cntemail>
        <hours>0800 - 1600 CT, M - F (-6h CST/-5h CDT GMT)</hours>
      </cntinfo>
    </metc>
    <metstdn>FGDC Content Standard for Digital Geospatial Metadata</metstdn>
    <metstdv>FGDC-STD-001-1998</metstdv>
    <mettc>local time</mettc>
    <metac>None</metac>
    <metuc>None</metuc>
  </metainfo>
</metadata>