<PAMDataset>
  <SRS>PROJCS[&quot;PCS Name = WGS_1984_Albers&quot;,GEOGCS[&quot;WGS 84&quot;,DATUM[&quot;WGS_1984&quot;,SPHEROID[&quot;WGS 84&quot;,6378137,298.2572235630016,AUTHORITY[&quot;EPSG&quot;,&quot;7030&quot;]],AUTHORITY[&quot;EPSG&quot;,&quot;6326&quot;]],PRIMEM[&quot;Greenwich&quot;,0],UNIT[&quot;degree&quot;,0.0174532925199433],AUTHORITY[&quot;EPSG&quot;,&quot;4326&quot;]],PROJECTION[&quot;Albers_Conic_Equal_Area&quot;],PARAMETER[&quot;standard_parallel_1&quot;,55],PARAMETER[&quot;standard_parallel_2&quot;,65],PARAMETER[&quot;latitude_of_center&quot;,50],PARAMETER[&quot;longitude_of_center&quot;,-154],PARAMETER[&quot;false_easting&quot;,0],PARAMETER[&quot;false_northing&quot;,0],UNIT[&quot;metre&quot;,1,AUTHORITY[&quot;EPSG&quot;,&quot;9001&quot;]]]</SRS>
  <Metadata domain="IMAGE_STRUCTURE">
    <MDI key="SOURCE_COLOR_SPACE">YCbCr</MDI>
    <MDI key="INTERLEAVE">PIXEL</MDI>
    <MDI key="COMPRESSION">JPEG</MDI>
  </Metadata>
  <Metadata>
    <MDI key="AREA_OR_POINT">Area</MDI>
    <MDI key="DataType">Thematic</MDI>
  </Metadata>
  <PAMRasterBand band="1">
    <Metadata domain="IMAGE_STRUCTURE">
      <MDI key="COMPRESSION">JPEG</MDI>
    </Metadata>
  </PAMRasterBand>
  <PAMRasterBand band="2">
    <Metadata domain="IMAGE_STRUCTURE">
      <MDI key="COMPRESSION">JPEG</MDI>
    </Metadata>
  </PAMRasterBand>
  <PAMRasterBand band="3">
    <Metadata domain="IMAGE_STRUCTURE">
      <MDI key="COMPRESSION">JPEG</MDI>
    </Metadata>
  </PAMRasterBand>
</PAMDataset>
