<PAMDataset>
  <Metadata>
    <MDI key="DataType">Thematic</MDI>
  </Metadata>
  <Metadata domain="Esri">
    <MDI key="PyramidResamplingType">NEAREST</MDI>
  </Metadata>
  <PAMRasterBand band="1">
    <Histograms>
      <HistItem>
        <HistMin>-0.5</HistMin>
        <HistMax>95.5</HistMax>
        <BucketCount>96</BucketCount>
        <IncludeOutOfRange>1</IncludeOutOfRange>
        <Approximate>0</Approximate>
        <HistCounts>0|0|0|0|0|0|0|0|0|0|0|125874|0|0|0|0|0|0|0|0|0|28488|18847|31606|11466|0|0|0|0|0|0|1086|0|0|0|0|0|0|0|0|0|1883|226|935|0|0|0|0|0|0|0|0|2751|0|0|0|0|0|0|0|0|0|0|0|0|0|0|0|0|0|0|257666|0|0|0|0|0|0|0|0|0|26258|40117|0|0|0|0|0|0|0|1044|0|0|0|0|218830</HistCounts>
      </HistItem>
    </Histograms>
    <Metadata>
      <MDI key="RepresentationType">THEMATIC</MDI>
      <MDI key="STATISTICS_COVARIANCES">987.4636210594931</MDI>
      <MDI key="STATISTICS_MAXIMUM">95</MDI>
      <MDI key="STATISTICS_MEAN">62.962158948843</MDI>
      <MDI key="STATISTICS_MINIMUM">11</MDI>
      <MDI key="STATISTICS_SKIPFACTORX">1</MDI>
      <MDI key="STATISTICS_SKIPFACTORY">1</MDI>
      <MDI key="STATISTICS_STDDEV">31.423933888988</MDI>
    </Metadata>
  </PAMRasterBand>
</PAMDataset>
