<?xml version="1.0" encoding="UTF-8"?>
<metadata xml:lang="en"><Esri><CreaDate>20120405</CreaDate><CreaTime>09541000</CreaTime><ArcGISFormat>1.0</ArcGISFormat><SyncOnce>TRUE</SyncOnce><DataProperties><lineage><Process ToolSource="d:\arcgis\desktop10.0\ArcToolbox\Toolboxes\Data Management Tools.tbx\Project" Date="20120405" Time="095410">Project Index_NLCD2001_AK D:\layth\nlcd\NLCD2001_LC\Index_NLCD2001_AK_use.shp PROJCS['WGS_1984_Albers',GEOGCS['GCS_WGS_1984',DATUM['D_WGS_1984',SPHEROID['WGS_1984',6378137.0,298.257223563]],PRIMEM['Greenwich',0.0],UNIT['Degree',0.0174532925199433]],PROJECTION['Albers'],PARAMETER['false_easting',0.0],PARAMETER['false_northing',0.0],PARAMETER['central_meridian',-154.0],PARAMETER['standard_parallel_1',55.0],PARAMETER['standard_parallel_2',65.0],PARAMETER['latitude_of_origin',50.0],UNIT['Meter',1.0]] # PROJCS['Albers Conical Equal Area',GEOGCS['GCS_WGS_1984',DATUM['D_WGS_1984',SPHEROID['WGS_1984',6378137.0,298.257223563]],PRIMEM['Greenwich',0.0],UNIT['Degree',0.0174532925199433]],PROJECTION['Albers'],PARAMETER['False_Easting',0.0],PARAMETER['False_Northing',0.0],PARAMETER['Central_Meridian',-154.0],PARAMETER['Standard_Parallel_1',55.0],PARAMETER['Standard_Parallel_2',65.0],PARAMETER['Latitude_Of_Origin',50.0],UNIT['Meter',1.0]]</Process></lineage><itemProps><itemLocation><linkage Sync="TRUE">file://\\IGSKMNCNGS256\D$\layth\nlcd\Index_NLCD2001_AK_use</linkage><protocol Sync="TRUE">Local Area Network</protocol></itemLocation></itemProps><copyHistory><copy source="D:\layth\nlcd\NLCD2001_LC\Index_NLCD2001_AK_use" dest="\\IGSKMNCNGS256\D$\layth\nlcd\Index_NLCD2001_AK_use" date="20120405" time="09551200"></copy></copyHistory></DataProperties></Esri></metadata>
