﻿<?xml version="1.0" encoding="UTF-8" standalone="no"?>
<!DOCTYPE metadata SYSTEM "http://thor-f5.er.usgs.gov/ngtoc/metadata/fgdc-std-001-1998.dtd">
<metadata>
  <idinfo>
    <citation>
      <citeinfo>
        <origin>U.S. Geological Survey</origin>
        <pubdate>20150115</pubdate>
        <title>NLCD 2011 Land Cover Alaska, 3 x 3 Degree: NLCD2011_LC_N69W156</title>
        <edition>1.0</edition>
        <geoform>remote-sensing image</geoform>
        <serinfo>
          <sername>None</sername>
          <issue>None</issue>
        </serinfo>
        <pubinfo>
          <pubplace>Sioux Falls, SD</pubplace>
          <publish>U.S. Geological Survey</publish>
        </pubinfo>
        <othercit>References:
(1)  Jin, S., Yang, L., Danielson, P., Homer, C., Fry, J., and Xian, G. 2013. A comprehensive change detection method for updating the National Land Cover Database to circa 2011. Remote Sensing of Environment, 132: 159 175.
(2)  Xian, G., Homer, C., Dewitz, J., Fry, J., Hossain, N., and Wickham, J., 2011. The change of impervious surface area between 2001 and 2006 in the conterminous United States. Photogrammetric Engineering and Remote Sensing, Vol. 77(8): 758-762.
(3)  Coulston, J. W., Moisen, G. G., Wilson, B. T., Finco, M. V., Cohen, W. B., and Brewer, C. K. 2012. Modeling percent tree canopy cover: a pilot study. Photogrammetric Engineering &amp; Remote Sensing 78(7): 715-727.
The USGS acknowledges the support of USGS and contractor NLCD 2011 Land Cover Mapping Teams in development of data for this map.</othercit>
        <onlink>http://gisdata.usgs.gov/tdds/downloadfile.php?TYPE=nlcd2011_lc_3x3&amp;ORIG=META&amp;FNAME=NLCD2011_LC_N69W156.zip</onlink>
        <onlink>http://tdds.cr.usgs.gov/metadata/nlcd/2011/landcover/3x3/NLCD2011_LC_N69W156.htm</onlink>
        <onlink>http://nationalmap.gov/viewer.html</onlink>
      </citeinfo>
    </citation>
    <descript>
      <abstract>The National Land Cover Database 2011 land cover layer for Alaska was produced through a cooperative project conducted by the Multi-Resolution Land Characteristics (MRLC) Consortium.  The MRLC Consortium is a partnership of federal agencies (www.mrlc.gov), consisting of the U.S. Geological Survey (USGS), the National Oceanic and Atmospheric Administration (NOAA), the U.S. Environmental Protection Agency (EPA), the U.S. Department of Agriculture - Forest Service (USDA-FS), the National Park Service (NPS), the U.S. Fish and Wildlife Service (FWS), the Bureau of Land Management (BLM) and the USDA Natural Resources Conservation Service (NRCS).  One of the primary goals of the project is to generate a current, consistent, seamless, and accurate National Land Cover Database (NLCD) circa 2011 for the United States at medium spatial resolution.  This land cover map and all documents pertaining to it are considered "provisional"  until a formal accuracy assessment can be conducted.
The NLCD 2011 Alaska was created by using 44 path/row strips and comparing to the original 2001 imagery.  Change between these images was applied to the original 2001 land cover in the original 13 Alaska mapping zones to create 2011 Alaska land cover. Questions about NLCD mapping zones can be directed to the NLCD land cover mapping team at USGS EROS, Sioux Falls, SD (605) 594-6151 or mrlc@usgs.gov.</abstract>
      <purpose>The goal of this project is to provide the Nation with complete, current and consistent public domain information on its land use and land cover.</purpose>
      <supplinf>Corner Coordinates (projection meters)
Upper Left Corner:  -2232345(X), 2380125(Y)
Lower Right Corner:  1494735(X),  344805(Y)</supplinf>
    </descript>
    <timeperd>
      <timeinfo>
        <rngdates>
          <begdate>19980607</begdate>
          <enddate>20140901</enddate>
        </rngdates>
      </timeinfo>
      <current>ground condition</current>
    </timeperd>
    <status>
      <progress>In work</progress>
      <update>As needed</update>
    </status>
    <spdom>
      <bounding>
        <westbc>-159</westbc>
        <eastbc>-156</eastbc>
        <northbc>72</northbc>
        <southbc>69</southbc>
      </bounding>
    </spdom>
    <keywords>
      <theme>
        <themekt>NGDA Portfolio Themes</themekt>
        <themekey>NGDA</themekey>
        <themekey>National Geospatial Data Asset</themekey>
        <themekey>Land Use Land Cover Theme</themekey>
      </theme>
      <theme>
        <themekt>None</themekt>
        <themekey>Land Cover</themekey>
        <themekey>GIS</themekey>
        <themekey>U.S. Geological Survey</themekey>
        <themekey>USGS</themekey>
        <themekey>digital spatial data</themekey>
      </theme>
      <theme>
        <themekt>ISO 19115 Topic Category</themekt>
        <themekey>ImageryBaseMapsEarthCover</themekey>
      </theme>
      <place>
        <placekt>U.S. Department of Commerce, 1995, Countries, dependencies, areas of special sovereignty, and their principal administrative divisions, Federal Information Processing Standard 10-4,): Washington, D.C., National Institute of Standards and Technology</placekt>
        <placekey>United States</placekey>
        <placekey>U.S.</placekey>
        <placekey>US</placekey>
      </place>
    </keywords>
    <accconst>None</accconst>
    <useconst>None</useconst>
    <ptcontac>
      <cntinfo>
        <cntorgp>
          <cntorg>U.S. Geological Survey</cntorg>
        </cntorgp>
        <cntpos>Customer Services Representative</cntpos>
        <cntaddr>
          <addrtype>mailing and physical</addrtype>
          <address>USGS EROS</address>
          <address>47914 252nd Street</address>
          <city>Sioux Falls</city>
          <state>SD</state>
          <postal>57198-0001</postal>
          <country>USA</country>
        </cntaddr>
        <cntvoice>605/594-6151</cntvoice>
        <cnttdd>605/594-6933</cnttdd>
        <cntfax>605/594-6589</cntfax>
        <cntemail>custserv@usgs.gov</cntemail>
        <hours>0800 - 1600 CT, M - F (-6h CST/-5h CDT GMT)</hours>
        <cntinst>The USGS point of contact is for questions relating to the data display and download from this web site.  For questions regarding data content and quality, refer to:
http://www.mrlc.gov/mrlc2k.asp or email:  mrlc@usgs.gov</cntinst>
      </cntinfo>
    </ptcontac>
    <browse>
      <browsen>http://tdds.cr.usgs.gov/browse/nlcd/2011/landcover/3x3/NLCD2011_LC_N69W156.jpg</browsen>
      <browsed>Tiled NLCD Browse Image</browsed>
      <browset>JPEG</browset>
    </browse>
    <datacred>U.S. Geological Survey</datacred>
    <secinfo>
      <secsys>None</secsys>
      <secclass>Unclassified</secclass>
      <sechandl>N/A</sechandl>
    </secinfo>
    <native>Microsoft Windows 7 Version 6.1 (Build 7601: Service Pack 1); ESRI ArcCatalog 9.3.1.4000 (Service Pack 2)</native>
  </idinfo>
  <dataqual>
    <attracc>
      <attraccr>A formal accuracy assessment has not been conducted for NLCD 2011 Land Cover, 2006-2011 Land Cover Change, NLCD 2011 Percent Developed Imperviousness or 2006-2011 Percent Developed Imperviousness Change products.  For Canopy attribute accuracy, refer to Canopy metadata.</attraccr>
      <qattracc>
        <attraccv>Unknown</attraccv>
        <attracce>This document and the described land cover map are considered "provisional" until a formal accuracy assessment is completed.  The U.S. Geological Survey can make no guarantee as to the accuracy or completeness of this information, and it is provided with the understanding that it is not guaranteed to be correct or complete. Conclusions drawn from this information are the responsibility of the user.</attracce>
      </qattracc>
    </attracc>
    <logic>The NLCD 2011 final seamless products for Alaska include:  1) NLCD 2011 Land Cover; 2) NLCD 2011 Percent Developed Imperviousness; 3) NLCD 2001/2011 Land Cover Change Pixels labeled with the 2011 land cover class; 4) NLCD 2001/2011 Percent Developed Imperviousness Change Pixels; and 5)NLCD 2011 Tree Canopy Cover (produced by USDA-FS).</logic>
    <complete>This NLCD product of Alaska Land Cover layer is the version dated January 15, 2015.</complete>
    <posacc>
      <horizpa>
        <horizpar>N/A</horizpar>
      </horizpa>
      <vertacc>
        <vertaccr>N/A</vertaccr>
      </vertacc>
    </posacc>
    <lineage>
      <procstep>
        <procdesc>The 2001 land cover classification was achieved by use of a classification and decision tree method (DT) using a combination of Landsat imagery and ancillary data. The specific DT program employed is called See5, which implements a gain ratio criterion in tree development and pruning (Quinlan, 1993).  See5 also implemented several advanced features that can aid and improve land cover classification, including boosting and cross-validation.  Boosting is a technique for improving classification accuracy, while cross-validation can provide certain level of estimation regarding the land cover classification quality.
To conduct the land cover classification using DT, a large quantity of training data is required. Training data were collected from several combined sources including National Wetlands Inventory (NWI), Alaska Burned Area Emergency Response (BAER), Bureau of Land Management (BLM), Ducks Unlimited (DU), field collected data, and a variety of local data sources.
Note that the training data were used to map all land cover classes except for four classes in urban and sub-urban areas (developed open space, low intensity developed, medium intensity developed, high intensity developed).  All urban and suburban land cover classes for Alaska were mapped through either a sub-pixel quantification of impervious surfaces using a regression tree modeling method, or through a series of manual classifications that may include roads, towns, and pipeline GIS data gathered for Alaska.  Quality assessment of all land cover classes was limited to available high-resolution imagery, previous classifications, and any field collected ground truth.
Following the development of the best classification through decision tree modeling, additional steps were required to complete the final land cover product.  The four classes in urban and suburban areas were determined by a calibration with known impervious areas in Alaska mapping zone 8, which includes the Anchorage area, a crosswalk of the manually interpreted areas, and a cursory impervious estimate for each mapping zone.  From the interpreted developed product, developed areas were grouped into the following four categories: (1) developed open space (imperviousness approximately &lt; 20%), (2) low-intensity developed (imperviousness approximately from 20 - 49%), (3) medium intensity developed (imperviousness approximately from 50 -79%), and (4) high-intensity developed (imperviousness approximately &gt; 79%).  Alaska land cover mapping also provided one additional challenge in that some areas of high relief in Alaska are in shadow at the time of nominal Landsat imagery collection.  These shadowed areas were classified with the best available methods.  However, a land cover containing shadowed areas that were classified will be available upon special request.
Other classes of forest and non-forest were combined with the urban classes to complete the land cover product.  Finally visual inspection of the classification was made with areas/pixels that were wrongly classified delineated first as an "area of interest" (AOI), subsequently then limited manual editing was done to eliminate the classification error within the AOI.
The completed single pixel product was then generalized to a 1 acre (approximately 5 ETM+ 30 m  pixel patch) minimum mapping unit product using a "smart eliminate" algorithm. This aggregation program subsumes pixels from the single pixel level to a 5-pixel patch using a queens algorithm at doubling intervals. The algorithm consults a weighting matrix to guide merging of cover types by similarity, resulting in a product that preserves land cover logic as much as possible.
Ancillary data used for the land cover prediction -
Data Type of DEM composed of 1 band of Continuous Variable Type.
Data Type of Slope composed of 1 band of Continuous Variable Type.
Data Type of Aspect composed of 1 band of Categorical Variable Type.
Data type of Position Index composed of 1 band of Continuous Variable Type.
Alaska GPS roads
Alaska Pipeline data
Alaska Airports layer
Alaska Cities layer</procdesc>
        <srcused>Landsat ETM, USDA, FIA, DEM, USGS/EROS</srcused>
        <procdate>Unknown</procdate>
        <srcprod>USGS NLCD</srcprod>
        <proccont>
          <cntinfo>
            <cntorgp>
              <cntorg>U.S. Geological Survey</cntorg>
            </cntorgp>
            <cntpos>Customer Services Representative</cntpos>
            <cntaddr>
              <addrtype>mailing and physical</addrtype>
              <address>USGS EROS</address>
              <address>47914 252nd Street</address>
              <city>Sioux Falls</city>
              <state>SD</state>
              <postal>57198-0001</postal>
              <country>USA</country>
            </cntaddr>
            <cntvoice>605/594-6151</cntvoice>
            <cnttdd>605/594-6933</cnttdd>
            <cntfax>605/594-6589</cntfax>
            <cntemail>custserv@usgs.gov</cntemail>
            <hours>0800 - 1600 CT, M - F (-6h CST/-5h CDT GMT)</hours>
          </cntinfo>
        </proccont>
      </procstep>
      <procstep>
        <procdesc>A custom method was developed to update Alaska NLCD from 2001 to 2011. The method was designed to capitalize on available ancillary data and to capture the main land change drivers including:
- Fire disturbance and succession,
- Forest clearing and harvesting,
- Glacier and snow/ice changes, and
- Urban change.
We began imagery selection by focusing on odd-numbered Landsat paths. We selected as many leaf-on, cloud-free (or few clouds), same-date images in a path as possible, and mosaicked those to create larger mapping units. Final mapping units were composed of one to four Landsat images. For the Aleutians and other islands, cloud-free images were virtually nonexistent, so those areas were not mapped using image processing and models. Instead, they were visually checked for change from the 2001 land cover map using any available Landsat images and Google Earth. For the mainland area of Alaska we created 44 mapping units and used 22 additional Landsat scenes for the visual inspections of the islands.
Once mapping units were identified, the base images were cloud-masked. Reference scenes from different dates were used in a model to fill in the masked areas of the base scenes. Once the base scenes were cloud-filled, they were mosaicked to form each full mapping unit.
Tasseled cap, normalized burn ratio (NBR), normalized difference vegetation index (NDVI) and normalized difference water index (NDWI) images were calculated for each mapping unit.
Ancillary data included:
- Digital elevation model (DEM) and derivatives (slope and aspect),
- Fire and forest thinning polygons obtained from the state of Alaska, Landfire, and the Monitoring Trends in Burn Severity (MTBS) project,
- Moderate Resolution Imaging Spectroradiometer (MODIS) snow/ice raster data, and
- 2001 NLCD.
Change detection and classification models used NLCD 2001 and ancillary data to predict land cover classes for changed areas. An example of the logic is as follows:
If (NLCD 2001 is forest &amp; wildfire occurred less than 4 years ago &amp; dNBR is high &amp; NBR 2011 is low), then it is likely the new land cover type is herbaceous in 2011.
The general modeling process was as follows:
1. Biomass increase was calculated from spectral and DEM derivatives, plus 2001 land cover.
2. Biomass increase was added to the disturbance data, yielding a disturbance template.
3. The disturbance template plus the spectral derivatives (NBR, NDVI) were compared to the 2001 land cover to model updated vegetation change areas.
4. The updated vegetation change areas were inserted into the 2001 land cover to create training data for a classification and regression tree (CART) model.
5. A CART classification was used to detect unmapped disturbances and change.
6. The vegetation classification was refined to detect and correct for areas of shadow and succession after forest fires, clearing or thinning.
7. Snow/ice change was detected using an algorithm based on NDWI for 2001 and 2011 plus topography (correction for shadows) and MODIS snow/ice data, which yielded snow/ice change areas.
8. Water change was detected using a Landsat-based water change detection algorithm, refined by land cover and topography data (shadow areas) to detect changes.
9. The vegetation, snow/ice, and water change areas were combined to update the overall classification and to derive a set of change pixels.
10. Change pixels in urban/developed areas were created by modeling change in major cities. Manual editing was used to add developed change for small towns and other features.
After all mapping units were processed, the change pixels were mosaicked and checked for consistency and quality. Manual edits were used to clean up areas that were incorrectly classified. Snow, ice, and water extents were mapped directly from Landsat imagery. As a result, the extent of snow, ice, and water reflects the year and season when the imagery was recorded. Differences in snow, ice, and water extent between 2001 and 2011 may not reflect perennial changes in their extent, but simply reflect seasonal change between the two time periods.</procdesc>
        <procdate>Unknown</procdate>
      </procstep>
    </lineage>
  </dataqual>
  <spdoinfo>
    <direct>Raster</direct>
    <rastinfo>
      <rasttype>Pixel</rasttype>
      <rowcount>8802</rowcount>
      <colcount>4373</colcount>
      <vrtcount>1</vrtcount>
    </rastinfo>
  </spdoinfo>
  <spref>
    <horizsys>
      <planar>
        <mapproj>
          <mapprojn>Albers Conical Equal Area</mapprojn>
          <albers>
            <stdparll>55.000000</stdparll>
            <stdparll>65.000000</stdparll>
            <longcm>-154.000000</longcm>
            <latprjo>50.000000</latprjo>
            <feast>0.000000</feast>
            <fnorth>0.000000</fnorth>
          </albers>
        </mapproj>
        <planci>
          <plance>row and column</plance>
          <coordrep>
            <absres>30.000000</absres>
            <ordres>30.000000</ordres>
          </coordrep>
          <plandu>meters</plandu>
        </planci>
      </planar>
      <geodetic>
        <horizdn>World Geodetic System 1984</horizdn>
        <ellips>World Geodetic System 1984</ellips>
        <semiaxis>6378137.0</semiaxis>
        <denflat>298.2572235</denflat>
      </geodetic>
    </horizsys>
  </spref>
  <eainfo>
    <detailed>
      <enttyp>
        <enttypl>
Layer_1</enttypl>
        <enttypd>NLCD Land Cover Layer</enttypd>
        <enttypds>National Land Cover Database 2011</enttypds>
      </enttyp>
      <attr>
        <attrlabl>ObjectID</attrlabl>
        <attrdef>Internal feature number</attrdef>
        <attrdefs>ESRI</attrdefs>
        <attrdomv>
          <udom>Sequential unique whole numbers that are automatically generated.</udom>
        </attrdomv>
      </attr>
      <attr>
        <attrlabl>Count</attrlabl>
        <attrdef>A nominal integer value that designates the number of pixels that have each value in the file; histogram column in ERDAS Imagine raster attributes table</attrdef>
        <attrdefs>NLCD</attrdefs>
        <attrdomv>
          <udom>Integer</udom>
        </attrdomv>
      </attr>
      <attr>
        <attrlabl>Value</attrlabl>
        <attrdef>Land Cover Class Code Value.  Class definitions marked with an asterisk (*) are Coastal NLCD Classes only.</attrdef>
        <attrdefs>NLCD</attrdefs>
        <attrdomv>
          <edom>
            <edomv>0</edomv>
            <edomvd>Background / No Data</edomvd>
            <edomvds>NLCD land cover class descriptions</edomvds>
          </edom>
        </attrdomv>
        <attrdomv>
          <edom>
            <edomv>1</edomv>
            <edomvd>No data value, Alaska zones only</edomvd>
            <edomvds>NLCD land cover class descriptions</edomvds>
          </edom>
        </attrdomv>
        <attrdomv>
          <edom>
            <edomv>11</edomv>
            <edomvd>Open Water - All areas of open water, generally with less than 25% cover or vegetation or soil</edomvd>
            <edomvds>NLCD land cover class descriptions</edomvds>
          </edom>
        </attrdomv>
        <attrdomv>
          <edom>
            <edomv>12</edomv>
            <edomvd>Perennial Ice/Snow - All areas characterized by a perennial cover of ice and/or snow, generally greater than 25% of total cover.</edomvd>
            <edomvds>NLCD land cover class descriptions</edomvds>
          </edom>
        </attrdomv>
        <attrdomv>
          <edom>
            <edomv>21</edomv>
            <edomvd>Developed, Open Space - Includes areas with a mixture of some constructed materials, but mostly vegetation in the form of lawn grasses.  Impervious surfaces account for less than 20 percent of total cover.  These areas most commonly include large-lot single-family housing units, parks, golf courses, and vegetation planted in developed settings for recreation, erosion control, or aesthetic purposes</edomvd>
            <edomvds>NLCD land cover class descriptions</edomvds>
          </edom>
        </attrdomv>
        <attrdomv>
          <edom>
            <edomv>22</edomv>
            <edomvd>Developed, Low Intensity -Includes areas with a mixture of constructed materials and vegetation.  Impervious surfaces account for 20-49 percent of total cover.  These areas most commonly include single-family housing units.</edomvd>
            <edomvds>NLCD land cover class descriptions</edomvds>
          </edom>
        </attrdomv>
        <attrdomv>
          <edom>
            <edomv>23</edomv>
            <edomvd>Developed, Medium Intensity - Includes areas with a mixture of constructed materials and vegetation. Impervious surfaces account for 50-79 percent of the total cover.  These areas most commonly include single-family housing units.</edomvd>
            <edomvds>NLCD land cover class descriptions</edomvds>
          </edom>
        </attrdomv>
        <attrdomv>
          <edom>
            <edomv>24</edomv>
            <edomvd>Developed, High Intensity - Includes highly developed areas where people reside or work in high numbers. Examples include apartment complexes, row houses and commercial/industrial.  Impervious surfaces account for 80 to 100 percent of the total cover.</edomvd>
            <edomvds>NLCD land cover class descriptions</edomvds>
          </edom>
        </attrdomv>
        <attrdomv>
          <edom>
            <edomv>31</edomv>
            <edomvd>Barren Land (Rock/Sand/Clay) - Barren areas of bedrock, desert pavement, scarps, talus, slides, volcanic material, glacial debris, sand dunes, strip mines, gravel pits and other accumulations of earthen material. Generally, vegetation accounts for less than 15% of total cover.</edomvd>
            <edomvds>NLCD land cover class descriptions</edomvds>
          </edom>
        </attrdomv>
        <attrdomv>
          <edom>
            <edomv>41</edomv>
            <edomvd>Deciduous Forest  - Areas dominated by trees generally greater than 5 meters tall, and greater than 20% of total vegetation cover. More than 75 percent of the tree species shed foliage simultaneously in response to seasonal change.</edomvd>
            <edomvds>NLCD land cover class descriptions</edomvds>
          </edom>
        </attrdomv>
        <attrdomv>
          <edom>
            <edomv>42</edomv>
            <edomvd>Evergreen Forest - Areas dominated by trees generally greater than 5 meters tall, and greater than 20% of total vegetation cover. More than 75 percent of the tree species maintain their leaves all year. Canopy is never without green foliage.</edomvd>
            <edomvds>NLCD land cover class descriptions</edomvds>
          </edom>
        </attrdomv>
        <attrdomv>
          <edom>
            <edomv>43</edomv>
            <edomvd>Mixed Forest - Areas dominated by trees generally greater than 5 meters tall, and greater than 20% of total vegetation cover. Neither deciduous nor evergreen species are greater than 75 percent of total tree cover.</edomvd>
            <edomvds>NLCD land cover class descriptions</edomvds>
          </edom>
        </attrdomv>
        <attrdomv>
          <edom>
            <edomv>51</edomv>
            <edomvd>Dwarf Scrub - Alaska only areas dominated by shrubs less than 20 centimeters tall with shrub canopy typically greater than 20% of total vegetation. This type is often co-associated with grasses, sedges, herbs, and non-vascular vegetation tundra and may be periodically or seasonally wet and/or saturated with wate.  This type commonly occurs in alpine or tundra areas and may contain permafrost.</edomvd>
            <edomvds>NLCD land cover class descriptions</edomvds>
          </edom>
        </attrdomv>
        <attrdomv>
          <edom>
            <edomv>52</edomv>
            <edomvd>Shrub/Scrub - Areas dominated by shrubs less than 5 meters tall with shrub canopy typically greater than 20% of total vegetation. This class includes true shrubs, young trees in an early successional stage or trees stunted from environmental conditions.</edomvd>
            <edomvds>NLCD land cover class descriptions</edomvds>
          </edom>
        </attrdomv>
        <attrdomv>
          <edom>
            <edomv>71</edomv>
            <edomvd>Grassland/Herbaceous - Areas dominated by grammanoid or herbaceous vegetation, generally greater than 80% of total vegetation.  These areas are not subject to intensive management such as tilling, but can be utilized for grazing.</edomvd>
            <edomvds>NLCD land cover class descriptions</edomvds>
          </edom>
        </attrdomv>
        <attrdomv>
          <edom>
            <edomv>72</edomv>
            <edomvd>Sedge/Herbaceous - Alaska only areas dominated by sedges and forbs, generally greater than 80% of total vegetation. This type can occur with significant other grasses or other grass like plants, and includes sedge tundra, and sedge tussock tundra and may be periodically or seasonally wet and/or saturated.  This type may contain permafrost.</edomvd>
            <edomvds>NLCD land cover class descriptions</edomvds>
          </edom>
        </attrdomv>
        <attrdomv>
          <edom>
            <edomv>73</edomv>
            <edomvd>Lichens - Alaska only areas dominated by fruticose or foliose lichens generally greater than 80% of total vegetation.</edomvd>
            <edomvds>NLCD land cover class descriptions</edomvds>
          </edom>
        </attrdomv>
        <attrdomv>
          <edom>
            <edomv>74</edomv>
            <edomvd>Moss- Alaska only areas dominated by mosses generally greater than 80% of total vegetation.</edomvd>
            <edomvds>NLCD land cover class descriptions</edomvds>
          </edom>
        </attrdomv>
        <attrdomv>
          <edom>
            <edomv>81</edomv>
            <edomvd>Pasture/Hay  - Areas of grasses, legumes, or grass-legume mixtures planted for livestock grazing or the production of seed or hay crops, typically on a perennial cycle. Pasture/hay vegetation accounts for greater than 20 percent of total vegetation.</edomvd>
            <edomvds>NLCD land cover class descriptions</edomvds>
          </edom>
        </attrdomv>
        <attrdomv>
          <edom>
            <edomv>82</edomv>
            <edomvd>Cultivated Crops - Areas used for the production of annual crops, such as corn, soybeans, vegetables, tobacco, and cotton, and also perennial woody crops such as orchards and vineyards. Crop vegetation accounts for greater than 20 percent of total vegetation. This class also includes all land being actively tilled.</edomvd>
            <edomvds>NLCD land cover class descriptions</edomvds>
          </edom>
        </attrdomv>
        <attrdomv>
          <edom>
            <edomv>90</edomv>
            <edomvd>Woody Wetlands - Areas where forest or shrub land vegetation accounts for greater than 20 percent of vegetative cover and the soil or substrate is persistently saturated with or covered with water.</edomvd>
            <edomvds>NLCD land cover class descriptions</edomvds>
          </edom>
        </attrdomv>
        <attrdomv>
          <edom>
            <edomv>95</edomv>
            <edomvd>Emergent Herbaceous Wetlands - Areas where perennial herbaceous vegetation accounts for greater than 80 percent of vegetative cover and the soil or substrate is persistently saturated with or covered with water.</edomvd>
            <edomvds>NLCD land cover class descriptions</edomvds>
          </edom>
        </attrdomv>
      </attr>
      <attr>
        <attrlabl>Red</attrlabl>
        <attrdef>Numeric code for Red color in RGB slice format for image display purposes.  The value is arbitrarily assigned by the display software package, unless defined by user.</attrdef>
        <attrdefs>NLCD</attrdefs>
        <attrdomv>
          <rdom>
            <rdommin>0</rdommin>
            <rdommax>100</rdommax>
            <attrunit>CSS Color Value Percentage</attrunit>
            <attrmres>0.1</attrmres>
          </rdom>
        </attrdomv>
      </attr>
      <attr>
        <attrlabl>Green</attrlabl>
        <attrdef>Numeric code for Green color in RGB slice format for image display purposes.  The value is arbitrarily assigned by the display software package, unless defined by user.</attrdef>
        <attrdefs>NLCD</attrdefs>
        <attrdomv>
          <rdom>
            <rdommin>0</rdommin>
            <rdommax>100</rdommax>
            <attrunit>CSS Color Value Percentage</attrunit>
            <attrmres>0.1</attrmres>
          </rdom>
        </attrdomv>
      </attr>
      <attr>
        <attrlabl>Blue</attrlabl>
        <attrdef>Numeric code for Blue color in RGB slice format for image display purposes.  The value is arbitrarily assigned by the display software package, unless defined by user.</attrdef>
        <attrdefs>NLCD</attrdefs>
        <attrdomv>
          <rdom>
            <rdommin>0</rdommin>
            <rdommax>100</rdommax>
            <attrunit>CSS Color Value Percentage</attrunit>
            <attrmres>0.1</attrmres>
          </rdom>
        </attrdomv>
      </attr>
      <attr>
        <attrlabl>Opacity</attrlabl>
        <attrdef>A measure of how opaque, or solid, a color is displayed in a layer.</attrdef>
        <attrdefs>NLCD</attrdefs>
        <attrdomv>
          <rdom>
            <rdommin>0</rdommin>
            <rdommax>100</rdommax>
            <attrunit>Percentage</attrunit>
            <attrmres>0.1</attrmres>
          </rdom>
        </attrdomv>
      </attr>
    </detailed>
    <overview>
      <eaover>Attributes defined by USGS and ESRI.
Class     Red        Green        Blue
0       0.000000000     0.000000000     0.000000000
1       0.000000000     1.000000000     0.000000000
11       0.325490196     0.462745098     0.662745098
12       0.854901961     0.913725490     1.000000000
21       0.913725490     0.819607843     0.815686275
22       0.890196078     0.615686275     0.545098039
23       0.976470588     0.000000000     0.000000000
24       0.705882353     0.000000000     0.000000000
31       0.741176471     0.725490196     0.670588235
41       0.443137255     0.701960784     0.419607843
42       0.137254902     0.423529412     0.231372549
43       0.752941176     0.827450980     0.607843137
51       0.694117647     0.588235294     0.235294118
52       0.835294118     0.764705882     0.533333333
71       0.925490196     0.925490196     0.796078431
72       0.823529412     0.823529412     0.505882353
74       0.513725490     0.725490196     0.619607843
81       0.901960784     0.882352941     0.282352941
82       0.709803922     0.486274510     0.200000000
90       0.760784314     0.878431373     0.949019608
95       0.486274510     0.674509804     0.772549020</eaover>
      <eadetcit>Attribute accuracy is described, where present, with each attribute defined in the Entity and Attribute Section.</eadetcit>
    </overview>
  </eainfo>
  <distinfo>
    <distrib>
      <cntinfo>
        <cntorgp>
          <cntorg>U.S. Geological Survey</cntorg>
        </cntorgp>
        <cntpos>Customer Service Representative</cntpos>
        <cntaddr>
          <addrtype>mailing and physical</addrtype>
          <address>USGS National Geospatial Program Office</address>
          <address>12201 Sunrise Valley Drive</address>
          <city>Reston</city>
          <state>VA</state>
          <postal>20192</postal>
          <country>USA</country>
        </cntaddr>
        <cntvoice>1-888-ASK-USGS (1-888-275-8747)</cntvoice>
        <cntemail>tnm_help@usgs.gov</cntemail>
        <hours>Monday through Friday 8:00 AM to 4:00 PM Eastern Time Zone USA</hours>
        <cntinst>Please visit http://www.usgs.gov/ask/ to contact us.</cntinst>
      </cntinfo>
    </distrib>
    <resdesc>Downloadable Data</resdesc>
    <distliab>Although these data have been processed successfully on a computer system at the USGS, no warranty expressed or implied is made by the USGS regarding the use of the data on any other system, nor does the act of distribution constitute any such warranty.  Data may have been compiled from various outside sources.  Spatial information may not meet National Map Accuracy Standards.  This information may be updated without notification. The USGS shall not be liable for any activity involving these data, installation, fitness of the data for a particular purpose, its use, or analyses results.</distliab>
    <stdorder>
      <digform>
        <digtinfo>
          <formname>TIFF</formname>
          <transize>3.777226</transize>
        </digtinfo>
        <digtopt>
          <onlinopt>
            <computer>
              <networka>
                <networkr>http://gisdata.usgs.gov/tdds/downloadfile.php?TYPE=nlcd2011_lc_3x3&amp;ORIG=META&amp;FNAME=NLCD2011_LC_N69W156.zip</networkr>
              </networka>
            </computer>
            <accinstr>The URL http://nationalmap.gov/viewer.html provides a map interface that allows for viewing and data downloads within a customer defined area of interest. Zoom tools are available that can be used to investigate areas of interest on the map interface. The download tool allows the customer to capture layers from the map, utilizing The National Map process for downloading. The file can be unzipped and imported into various user software applications.</accinstr>
            <oncomp>Not available for dissemination</oncomp>
          </onlinopt>
        </digtopt>
      </digform>
      <fees>None</fees>
      <turnarnd>Variable</turnarnd>
    </stdorder>
    <techpreq>ESRI ArcGIS Suite and/or Arc/Info or other compatible software, and supporting operating systems.</techpreq>
    <availabl>
      <timeinfo>
        <rngdates>
          <begdate>2015</begdate>
          <enddate>Unknown</enddate>
        </rngdates>
      </timeinfo>
    </availabl>
  </distinfo>
  <metainfo>
    <metd>20150115</metd>
    <metc>
      <cntinfo>
        <cntorgp>
          <cntorg>U.S. Geological Survey</cntorg>
          <cntper>Customer Service Representative</cntper>
        </cntorgp>
        <cntpos>Customer Service Representative</cntpos>
        <cntaddr>
          <addrtype>mailing and physical</addrtype>
          <address>USGS EROS</address>
          <address>47914 252nd Street</address>
          <city>Sioux Falls</city>
          <state>SD</state>
          <postal>57198-0001</postal>
          <country>USA</country>
        </cntaddr>
        <cntvoice>605/594-6151</cntvoice>
        <cnttdd>605/594-6933</cnttdd>
        <cntfax>605/594-6589</cntfax>
        <cntemail>custserv@usgs.gov</cntemail>
        <hours>0800 - 1600 CT, M - F (-6h CST/-5h CDT GMT)</hours>
      </cntinfo>
    </metc>
    <metstdn>FGDC Content Standard for Digital Geospatial Metadata</metstdn>
    <metstdv>FGDC-STD-001-1998</metstdv>
    <mettc>local time</mettc>
    <metac>None</metac>
    <metuc>None</metuc>
  </metainfo>
</metadata>