<?xml version="1.0" encoding="UTF-8"?>
<metadata xml:lang="en"><Esri><CreaDate>20141207</CreaDate><CreaTime>12570700</CreaTime><ArcGISFormat>1.0</ArcGISFormat><SyncOnce>FALSE</SyncOnce><DataProperties><itemProps><itemName Sync="TRUE">NLCD2011_LC_N45W120.tif</itemName><itemLocation><linkage Sync="TRUE">file://R:\LandCover\NLCD2011_edition_tiles\2011\landcover\tiles\NLCD2011_LC_N45W120.tif</linkage><protocol Sync="TRUE">Local Area Network</protocol></itemLocation><imsContentType Sync="TRUE">002</imsContentType><nativeExtBox><westBL Sync="TRUE">-2097585.000000</westBL><eastBL Sync="TRUE">-1786725.000000</eastBL><southBL Sync="TRUE">2683065.000000</southBL><northBL Sync="TRUE">3064845.000000</northBL><exTypeCode Sync="TRUE">1</exTypeCode></nativeExtBox></itemProps><coordRef><type Sync="TRUE">Projected</type><geogcsn Sync="TRUE">GCS_North_American_1983</geogcsn><csUnits Sync="TRUE">Linear Unit: Meter (1.000000)</csUnits><projcsn Sync="TRUE">Albers_Conical_Equal_Area</projcsn><peXml Sync="TRUE">&lt;ProjectedCoordinateSystem xsi:type='typens:ProjectedCoordinateSystem' xmlns:xsi='http://www.w3.org/2001/XMLSchema-instance' xmlns:xs='http://www.w3.org/2001/XMLSchema' xmlns:typens='http://www.esri.com/schemas/ArcGIS/10.1'&gt;&lt;WKT&gt;PROJCS[&amp;quot;Albers_Conical_Equal_Area&amp;quot;,GEOGCS[&amp;quot;GCS_North_American_1983&amp;quot;,DATUM[&amp;quot;D_North_American_1983&amp;quot;,SPHEROID[&amp;quot;GRS_1980&amp;quot;,6378137.0,298.257222101]],PRIMEM[&amp;quot;Greenwich&amp;quot;,0.0],UNIT[&amp;quot;Degree&amp;quot;,0.0174532925199433]],PROJECTION[&amp;quot;Albers&amp;quot;],PARAMETER[&amp;quot;false_easting&amp;quot;,0.0],PARAMETER[&amp;quot;false_northing&amp;quot;,0.0],PARAMETER[&amp;quot;central_meridian&amp;quot;,-96.0],PARAMETER[&amp;quot;standard_parallel_1&amp;quot;,29.5],PARAMETER[&amp;quot;standard_parallel_2&amp;quot;,45.5],PARAMETER[&amp;quot;latitude_of_origin&amp;quot;,23.0],UNIT[&amp;quot;Meter&amp;quot;,1.0]]&lt;/WKT&gt;&lt;XOrigin&gt;-16901100&lt;/XOrigin&gt;&lt;YOrigin&gt;-6972200&lt;/YOrigin&gt;&lt;XYScale&gt;266467840.99085236&lt;/XYScale&gt;&lt;ZOrigin&gt;-100000&lt;/ZOrigin&gt;&lt;ZScale&gt;10000&lt;/ZScale&gt;&lt;MOrigin&gt;-100000&lt;/MOrigin&gt;&lt;MScale&gt;10000&lt;/MScale&gt;&lt;XYTolerance&gt;0.001&lt;/XYTolerance&gt;&lt;ZTolerance&gt;0.001&lt;/ZTolerance&gt;&lt;MTolerance&gt;0.001&lt;/MTolerance&gt;&lt;HighPrecision&gt;true&lt;/HighPrecision&gt;&lt;/ProjectedCoordinateSystem&gt;</peXml></coordRef><RasterProperties><General><PixelDepth Sync="TRUE">8</PixelDepth><HasColormap Sync="TRUE">TRUE</HasColormap><CompressionType Sync="TRUE">None</CompressionType><NumBands Sync="TRUE">1</NumBands><Format Sync="TRUE">TIFF</Format><HasPyramids Sync="TRUE">FALSE</HasPyramids><SourceType Sync="TRUE">discrete</SourceType><PixelType Sync="TRUE">unsigned integer</PixelType><NoDataValue Sync="TRUE"></NoDataValue></General></RasterProperties><lineage><Process ToolSource="d:\arcgis\desktop10.2\ArcToolbox\Toolboxes\Data Management Tools.tbx\Clip" Date="20141207" Time="125707">Clip R:/LandCover/ReReleased_NLCD/nlcd_2011_landcover_2011_edition_2014_10_10/nlcd_2011_landcover_2011_edition_2014_10_10.img "-2097578.66674 2683087.86534 -1786745.60962 3064828.4378" R:\LandCover\NLCD2011_edition_tiles\2011\landcover\tiles\NLCD2011_LC_N45W120.tif in_memory\f0503581A_ED38_4A7D_9FC9_66DFD1963CAB # ClippingGeometry NO_MAINTAIN_EXTENT</Process></lineage></DataProperties><SyncDate>20141207</SyncDate><SyncTime>12570700</SyncTime><ModDate>20141207</ModDate><ModTime>12570700</ModTime></Esri><dataIdInfo><envirDesc Sync="TRUE">Microsoft Windows Server 2008 R2 Version 6.1 (Build 7601) Service Pack 1; Esri ArcGIS 10.2.1.3497</envirDesc><dataLang><languageCode value="eng" Sync="TRUE"></languageCode><countryCode value="USA" Sync="TRUE"></countryCode></dataLang><idCitation><resTitle Sync="TRUE">NLCD2011_LC_N45W120.tif</resTitle><presForm><PresFormCd value="005" Sync="TRUE"></PresFormCd></presForm></idCitation><spatRpType><SpatRepTypCd value="002" Sync="TRUE"></SpatRepTypCd></spatRpType><dataExt><geoEle><GeoBndBox esriExtentType="search"><exTypeCode Sync="TRUE">1</exTypeCode><westBL Sync="TRUE">-124.184528</westBL><eastBL Sync="TRUE">-118.975434</eastBL><northBL Sync="TRUE">48.526046</northBL><southBL Sync="TRUE">44.459706</southBL></GeoBndBox></geoEle></dataExt></dataIdInfo><mdLang><languageCode value="eng" Sync="TRUE"></languageCode><countryCode value="USA" Sync="TRUE"></countryCode></mdLang><mdChar><CharSetCd value="004" Sync="TRUE"></CharSetCd></mdChar><distInfo><distFormat><formatName Sync="TRUE">Raster Dataset</formatName></distFormat></distInfo><mdHrLv><ScopeCd value="005" Sync="TRUE"></ScopeCd></mdHrLv><mdHrLvName Sync="TRUE">dataset</mdHrLvName><refSysInfo><RefSystem><refSysID><identCode code="0" Sync="TRUE"></identCode></refSysID></RefSystem></refSysInfo><spatRepInfo><Georect><cellGeo><CellGeoCd Sync="TRUE" value="002"></CellGeoCd></cellGeo><numDims Sync="TRUE">2</numDims><tranParaAv Sync="TRUE">1</tranParaAv><chkPtAv Sync="TRUE">0</chkPtAv><cornerPts><pos Sync="TRUE">-2097585.000000 2683065.000000</pos></cornerPts><cornerPts><pos Sync="TRUE">-2097585.000000 3064845.000000</pos></cornerPts><cornerPts><pos Sync="TRUE">-1786725.000000 3064845.000000</pos></cornerPts><cornerPts><pos Sync="TRUE">-1786725.000000 2683065.000000</pos></cornerPts><centerPt><pos Sync="TRUE">-1942155.000000 2873955.000000</pos></centerPt><axisDimension type="002"><dimSize Sync="TRUE">10362</dimSize><dimResol><value Sync="TRUE" uom="Meter">30.000000</value></dimResol></axisDimension><axisDimension type="001"><dimSize Sync="TRUE">12726</dimSize><dimResol><value Sync="TRUE" uom="Meter">30.000000</value></dimResol></axisDimension><ptInPixel><PixOrientCd Sync="TRUE" value="001"></PixOrientCd></ptInPixel></Georect></spatRepInfo><eainfo><detailed Name="NLCD2011_LC_N45W120.tif.vat"><enttyp><enttypl Sync="TRUE">NLCD2011_LC_N45W120.tif.vat</enttypl><enttypt Sync="TRUE">Table</enttypt><enttypc Sync="TRUE">16</enttypc></enttyp><attr><attrlabl Sync="TRUE">OID</attrlabl><attalias Sync="TRUE">OID</attalias><attrtype Sync="TRUE">OID</attrtype><attwidth Sync="TRUE">4</attwidth><atprecis Sync="TRUE">0</atprecis><attscale Sync="TRUE">0</attscale><attrdef Sync="TRUE">Internal feature number.</attrdef><attrdefs Sync="TRUE">Esri</attrdefs><attrdomv><udom Sync="TRUE">Sequential unique whole numbers that are automatically generated.</udom></attrdomv></attr><attr><attrlabl Sync="TRUE">Value</attrlabl><attalias Sync="TRUE">Value</attalias><attrtype Sync="TRUE">Integer</attrtype><attwidth Sync="TRUE">9</attwidth><atprecis Sync="TRUE">9</atprecis><attscale Sync="TRUE">0</attscale></attr><attr><attrlabl Sync="TRUE">Count</attrlabl><attalias Sync="TRUE">Count</attalias><attrtype Sync="TRUE">Double</attrtype><attwidth Sync="TRUE">19</attwidth><atprecis Sync="TRUE">0</atprecis><attscale Sync="TRUE">0</attscale></attr><attr><attrlabl Sync="TRUE">Red</attrlabl><attalias Sync="TRUE">Red</attalias><attrtype Sync="TRUE">Double</attrtype><attwidth Sync="TRUE">19</attwidth><atprecis Sync="TRUE">0</atprecis><attscale Sync="TRUE">0</attscale></attr><attr><attrlabl Sync="TRUE">Green</attrlabl><attalias Sync="TRUE">Green</attalias><attrtype Sync="TRUE">Double</attrtype><attwidth Sync="TRUE">19</attwidth><atprecis Sync="TRUE">0</atprecis><attscale Sync="TRUE">0</attscale></attr><attr><attrlabl Sync="TRUE">Blue</attrlabl><attalias Sync="TRUE">Blue</attalias><attrtype Sync="TRUE">Double</attrtype><attwidth Sync="TRUE">19</attwidth><atprecis Sync="TRUE">0</atprecis><attscale Sync="TRUE">0</attscale></attr><attr><attrlabl Sync="TRUE">NLCD_2011</attrlabl><attalias Sync="TRUE">NLCD_2011</attalias><attrtype Sync="TRUE">String</attrtype><attwidth Sync="TRUE">254</attwidth><atprecis Sync="TRUE">0</atprecis><attscale Sync="TRUE">0</attscale></attr><attr><attrlabl Sync="TRUE">Opacity</attrlabl><attalias Sync="TRUE">Opacity</attalias><attrtype Sync="TRUE">Double</attrtype><attwidth Sync="TRUE">19</attwidth><atprecis Sync="TRUE">0</atprecis><attscale Sync="TRUE">0</attscale></attr></detailed></eainfo><contInfo><ImgDesc><contentTyp><ContentTypCd Sync="TRUE" value="002"></ContentTypCd></contentTyp><covDim><Band><dimDescrp Sync="TRUE">Band_1</dimDescrp><bitsPerVal Sync="TRUE">8</bitsPerVal><valUnit><UOM type="length"></UOM></valUnit></Band></covDim></ImgDesc></contInfo><mdDateSt Sync="TRUE">20141207</mdDateSt></metadata>
